"year";"stage";"home_team";"away_team";"home_score";"away_score";"winner";"home_team_stats_score";"home_team_ranking";"away_team_stats_score";"away_team_ranking";"home_team_perform_hist";"away_team_perform_hist";"home_team_wc_perform";"away_team_wc_perform"
2006;"Group A";"Germany";"Costa Rica";4;2;"home_team";82,5321739130435;696;66,9;683;1;0;0,608695652173913;0,428571428571429
2006;"Group A";"Poland";"Ecuador";0;2;"away_team";70,6086956521739;677;67,304347826087;631;0,5;0,5;0,5;0,333333333333333
2006;"Group C";"Argentina";"Ivory Coast";2;1;"home_team";79,8260869565217;746;75,7983399209486;NA;1;0;0,5;0
2006;"Group B";"England";"Paraguay";1;0;"home_team";81,695652173913;741;73,9545454545455;653;1;0;0,44;0,263157894736842
2006;"Group B";"Trinidad and Tobago";"Sweden";0;0;"draw";64;604;74,4782608695652;709;0;0;0;0,357142857142857
2006;"Group D";"Angola";"Portugal";0;1;"away_team";64,8571428571429;581;75,304347826087;750;0;1;0;0,583333333333333
2006;"Group D";"Mexico";"IR Iran";3;1;"home_team";74,0434782608696;758;73,5;686;1;0;0,24390243902439;0,166666666666667
2006;"Group C";"Serbia";"Netherlands";0;1;"away_team";77,5625;NA;79,7391304347826;768;0;1;1;0,4375
2006;"Group F";"Australia";"Japan";3;1;"home_team";74,2173913043478;612;73,125;705;0,333333333333333;0,444444444444444;0;0,285714285714286
2006;"Group E";"Italy";"Ghana";2;0;"home_team";83,4813043478261;728;73;600;1;0;0,557142857142857;0
2006;"Group E";"USA";"Czech Republic";0;3;"away_team";73,7826086956522;756;78,0909090909091;772;0;1;0,272727272727273;0
2006;"Group F";"Brazil";"Croatia";1;0;"home_team";75,7478260869565;827;75,9565217391304;686;0,5;0;0,689655172413793;0,6
2006;"Group G";"France";"Switzerland";0;0;"draw";84,4639130434783;749;74,4347826086957;648;0,333333333333333;0,166666666666667;0,477272727272727;0,272727272727273
2006;"Group G";"South Korea";"Togo";2;1;"home_team";62,5652173913044;677;67,0909090909091;569;1;0;0,142857142857143;0
2006;"Group A";"Germany";"Poland";1;0;"home_team";82,5321739130435;696;70,6086956521739;677;1;0;0,608695652173913;0,5
2006;"Group H";"Spain";"Ukraine";4;0;"home_team";76,5;756;71,5789473684211;609;0,666666666666667;0;0,422222222222222;0
2006;"Group H";"Tunisia";"Saudi Arabia";2;2;"draw";66,7391304347826;693;NA;651;0,5;0;0,111111111111111;0,2
2006;"Group A";"Ecuador";"Costa Rica";3;0;"home_team";67,304347826087;631;66,9;683;0,333333333333333;0,111111111111111;0,333333333333333;0,428571428571429
2006;"Group B";"England";"Trinidad and Tobago";2;0;"home_team";81,695652173913;741;64;604;1;0;0,44;0
2006;"Group B";"Sweden";"Paraguay";1;0;"home_team";74,4782608695652;709;73,9545454545455;653;0,5;0,5;0,357142857142857;0,263157894736842
2006;"Group C";"Argentina";"Serbia";6;0;"home_team";79,8260869565217;746;77,5625;NA;0,75;0,25;0,5;1
2006;"Group D";"Mexico";"Angola";0;0;"draw";74,0434782608696;758;64,8571428571429;581;0;0;0,24390243902439;0
2006;"Group C";"Netherlands";"Ivory Coast";2;1;"home_team";79,7391304347826;768;75,7983399209486;NA;1;0;0,4375;0
2006;"Group E";"Czech Republic";"Ghana";0;2;"away_team";78,0909090909091;772;73;600;0;1;0;0
2006;"Group E";"Italy";"USA";1;1;"draw";83,4813043478261;728;73,7826086956522;756;0,5;0;0,557142857142857;0,272727272727273
2006;"Group D";"Portugal";"IR Iran";2;0;"home_team";75,304347826087;750;73,5;686;1;0;0,583333333333333;0,166666666666667
2006;"Group F";"Brazil";"Australia";2;0;"home_team";75,7478260869565;827;74,2173913043478;612;0,5;0,25;0,689655172413793;0
2006;"Group G";"France";"South Korea";1;1;"draw";84,4639130434783;749;62,5652173913044;677;0,666666666666667;0;0,477272727272727;0,142857142857143
2006;"Group F";"Japan";"Croatia";0;0;"draw";73,125;705;75,9565217391304;686;0,333333333333333;0,333333333333333;0,285714285714286;0,6
2006;"Group H";"Saudi Arabia";"Ukraine";0;4;"away_team";NA;651;71,5789473684211;609;0;1;0,2;0
2006;"Group H";"Spain";"Tunisia";3;1;"home_team";76,5;756;66,7391304347826;693;1;0;0,422222222222222;0,111111111111111
2006;"Group G";"Togo";"Switzerland";0;2;"away_team";67,0909090909091;569;74,4347826086957;648;0;1;0;0,272727272727273
2006;"Group A";"Costa Rica";"Poland";1;2;"away_team";66,9;683;70,6086956521739;677;0;1;0,428571428571429;0,5
2006;"Group A";"Germany";"Ecuador";3;0;"home_team";82,5321739130435;696;67,304347826087;631;1;0;0,608695652173913;0,333333333333333
2006;"Group B";"Paraguay";"Trinidad and Tobago";2;0;"home_team";73,9545454545455;653;64;604;1;0;0,263157894736842;0
2006;"Group B";"Sweden";"England";2;2;"draw";74,4782608695652;709;81,695652173913;741;0,375;0;0,357142857142857;0,44
2006;"Group D";"IR Iran";"Angola";1;1;"draw";73,5;686;64,8571428571429;581;0;0;0,166666666666667;0
2006;"Group C";"Ivory Coast";"Serbia";3;2;"home_team";75,7983399209486;NA;77,5625;NA;1;0;0;1
2006;"Group C";"Netherlands";"Argentina";0;0;"draw";79,7391304347826;768;79,8260869565217;746;0,5;0;0,4375;0,5
2006;"Group D";"Portugal";"Mexico";2;1;"home_team";75,304347826087;750;74,0434782608696;758;1;0;0,583333333333333;0,24390243902439
2006;"Group F";"Croatia";"Australia";2;2;"draw";75,9565217391304;686;74,2173913043478;612;0,2;0,4;0,6;0
2006;"Group E";"Czech Republic";"Italy";0;2;"away_team";78,0909090909091;772;83,4813043478261;728;0,5;0,25;0;0,557142857142857
2006;"Group E";"Ghana";"USA";2;1;"home_team";73;600;73,7826086956522;756;1;0;0;0,272727272727273
2006;"Group F";"Japan";"Brazil";1;4;"away_team";73,125;705;75,7478260869565;827;0;0,714285714285714;0,285714285714286;0,689655172413793
2006;"Group H";"Saudi Arabia";"Spain";0;1;"away_team";NA;651;76,5;756;0;1;0,2;0,422222222222222
2006;"Group H";"Switzerland";"South Korea";2;0;"home_team";74,4347826086957;648;62,5652173913044;677;1;0;0,272727272727273;0,142857142857143
2006;"Group G";"Togo";"France";0;2;"away_team";67,0909090909091;569;84,4639130434783;749;0;1;0;0,477272727272727
2006;"Group G";"Ukraine";"Tunisia";1;0;"home_team";71,5789473684211;609;66,7391304347826;693;1;0;0;0,111111111111111
2006;"Round of 16";"Argentina";"Mexico";2;1;"home_team";79,8260869565217;746;74,0434782608696;758;0,416666666666667;0,166666666666667;0,5;0,24390243902439
2006;"Round of 16";"Germany";"Sweden";2;0;"home_team";82,5321739130435;696;74,4782608695652;709;1;0;0,608695652173913;0,357142857142857
2006;"Round of 16";"England";"Ecuador";1;0;"home_team";81,695652173913;741;67,304347826087;631;1;0;0,44;0,333333333333333
2006;"Round of 16";"Portugal";"Netherlands";1;0;"home_team";75,304347826087;750;79,7391304347826;768;0,6;0,1;0,583333333333333;0,4375
2006;"Round of 16";"Italy";"Australia";1;0;"home_team";83,4813043478261;728;74,2173913043478;612;1;0;0,557142857142857;0
2006;"Round of 16";"Switzerland";"Ukraine";0;0;"draw";74,4347826086957;648;71,5789473684211;609;0;0;0,272727272727273;0
2006;"Round of 16";"Brazil";"Ghana";3;0;"home_team";75,7478260869565;827;73;600;1;0;0,689655172413793;0
2006;"Round of 16";"Spain";"France";1;3;"away_team";76,5;756;84,4639130434783;749;0,142857142857143;0,714285714285714;0,422222222222222;0,477272727272727
2006;"Quarterfinals";"Germany";"Argentina";1;1;"draw";82,5321739130435;696;79,8260869565217;746;0,166666666666667;0,333333333333333;0,608695652173913;0,5
2006;"Quarterfinals";"Italy";"Ukraine";3;0;"home_team";83,4813043478261;728;71,5789473684211;609;0,8;0;0,557142857142857;0
2006;"Quarterfinals";"Brazil";"France";0;1;"away_team";75,7478260869565;827;84,4639130434783;749;0,166666666666667;0,5;0,689655172413793;0,477272727272727
2006;"Quarterfinals";"England";"Portugal";0;0;"draw";81,695652173913;741;75,304347826087;750;0,142857142857143;0,142857142857143;0,44;0,583333333333333
2006;"Semifinals";"Germany";"Italy";0;2;"away_team";82,5321739130435;696;83,4813043478261;728;0,285714285714286;0,571428571428571;0,608695652173913;0,557142857142857
2006;"Semifinals";"Portugal";"France";0;1;"away_team";75,304347826087;750;84,4639130434783;749;0;1;0,583333333333333;0,477272727272727
2006;"Third place";"Germany";"Portugal";3;1;"home_team";82,5321739130435;696;75,304347826087;750;0,333333333333333;0,166666666666667;0,608695652173913;0,583333333333333
2006;"Final";"Italy";"France";1;1;"draw";83,4813043478261;728;84,4639130434783;749;0;0,5;0,557142857142857;0,477272727272727
2010;"Group A";"South Africa";"Mexico";1;1;"draw";68,85;392;72,4782608695652;895;0,333333333333333;0,333333333333333;0,166666666666667;0,244444444444444
2010;"Group A";"Uruguay";"France";0;0;"draw";75,7739130434783;899;80,2608695652174;1044;0;0;0,375;0,490196078431373
2010;"Group B";"Argentina";"Nigeria";1;0;"home_team";81,3761904761905;1076;72,0526315789474;883;0,75;0;0,507692307692308;0,363636363636364
2010;"Group C";"England";"USA";1;1;"draw";78,5652173913043;1068;73,3478260869565;957;0,75;0;0,454545454545455;0,24
2010;"Group B";"South Korea";"Greece";2;0;"home_team";56,7272727272727;632;73,7727272727273;964;0,666666666666667;0;0,166666666666667;0
2010;"Group C";"Algeria";"Slovenia";0;1;"away_team";71,4736842105263;821;69,9090909090909;860;0;1;0,333333333333333;0
2010;"Group D";"Germany";"Australia";4;0;"home_team";78,5652173913043;1082;71,2272727272727;886;1;0;0,633333333333333;0,142857142857143
2010;"Group D";"Serbia";"Ghana";0;1;"away_team";75,45;947;70,45;800;0,5;0,5;0,25;0,5
2010;"Group F";"Italy";"Paraguay";1;1;"draw";79,2173913043478;1184;73,1428571428571;820;0,5;0;0,571428571428571;0,272727272727273
2010;"Group E";"Japan";"Cameroon";1;0;"home_team";72,6666666666667;682;74,2857142857143;887;0,75;0;0,2;0,235294117647059
2010;"Group E";"Netherlands";"Denmark";2;0;"home_team";79,2191304347826;1231;71,695652173913;767;0,4;0;0,444444444444444;0,538461538461538
2010;"Group G";"Brazil";"North Korea";2;1;"home_team";70,4782608695652;1611;NA;NA;1;0;0,695652173913043;0,25
2010;"Group G";"Ivory Coast";"Portugal";0;0;"draw";76,6747826086957;NA;77,2852173913043;1249;0;0;0,333333333333333;0,578947368421053
2010;"Group F";"New Zealand";"Slovakia";1;1;"draw";60,9130434782609;410;72,1;777;0;0;0;0
2010;"Group H";"Honduras";"Chile";0;1;"away_team";71,1666666666667;734;74,5;888;0,333333333333333;0,666666666666667;0;0,28
2010;"Group A";"South Africa";"Uruguay";0;3;"away_team";68,85;392;75,7739130434783;899;0;0,666666666666667;0,166666666666667;0,375
2010;"Group H";"Spain";"Switzerland";0;1;"away_team";79,7308695652174;1565;74,5217391304348;866;0,5;0,5;0,448979591836735;0,307692307692308
2010;"Group B";"Argentina";"South Korea";4;1;"home_team";81,3761904761905;1076;56,7272727272727;632;1;0;0,507692307692308;0,166666666666667
2010;"Group A";"France";"Mexico";0;2;"away_team";80,2608695652174;1044;72,4782608695652;895;0,75;0,25;0,490196078431373;0,244444444444444
2010;"Group B";"Greece";"Nigeria";2;1;"home_team";73,7727272727273;964;72,0526315789474;883;0,666666666666667;0,333333333333333;0;0,363636363636364
2010;"Group C";"England";"Algeria";0;0;"draw";78,5652173913043;1068;71,4736842105263;821;0;0;0,454545454545455;0,333333333333333
2010;"Group D";"Germany";"Serbia";0;1;"away_team";78,5652173913043;1082;75,45;947;0,5;0,25;0,633333333333333;0,25
2010;"Group C";"Slovenia";"USA";2;2;"draw";69,9090909090909;860;73,3478260869565;957;0;0;0;0,24
2010;"Group E";"Cameroon";"Denmark";1;2;"away_team";74,2857142857143;887;71,695652173913;767;0,333333333333333;0,666666666666667;0,235294117647059;0,538461538461538
2010;"Group D";"Ghana";"Australia";1;1;"draw";70,45;800;71,2272727272727;886;0,142857142857143;0,571428571428571;0,5;0,142857142857143
2010;"Group E";"Netherlands";"Japan";1;0;"home_team";79,2191304347826;1231;72,6666666666667;682;1;0;0,444444444444444;0,2
2010;"Group G";"Brazil";"Ivory Coast";3;1;"home_team";70,4782608695652;1611;76,6747826086957;NA;1;0;0,695652173913043;0,333333333333333
2010;"Group F";"Italy";"New Zealand";1;1;"draw";79,2173913043478;1184;60,9130434782609;410;0,5;0;0,571428571428571;0
2010;"Group F";"Slovakia";"Paraguay";0;2;"away_team";72,1;777;73,1428571428571;820;0;1;0;0,272727272727273
2010;"Group H";"Chile";"Switzerland";1;0;"home_team";74,5;888;74,5217391304348;866;0,5;0,5;0,28;0,307692307692308
2010;"Group G";"Portugal";"North Korea";7;0;"home_team";77,2852173913043;1249;NA;NA;1;0;0,578947368421053;0,25
2010;"Group H";"Spain";"Honduras";2;0;"home_team";79,7308695652174;1565;71,1666666666667;734;1;0;0,448979591836735;0
2010;"Group B";"Greece";"Argentina";0;2;"away_team";73,7727272727273;964;81,3761904761905;1076;0;1;0;0,507692307692308
2010;"Group A";"Mexico";"Uruguay";0;1;"away_team";72,4782608695652;895;75,7739130434783;899;0,5;0,25;0,244444444444444;0,375
2010;"Group B";"Nigeria";"South Korea";2;2;"draw";72,0526315789474;883;56,7272727272727;632;0;0,5;0,363636363636364;0,166666666666667
2010;"Group A";"South Africa";"France";2;1;"home_team";68,85;392;80,2608695652174;1044;0,25;0,5;0,166666666666667;0,490196078431373
2010;"Group D";"Australia";"Serbia";2;1;"home_team";71,2272727272727;886;75,45;947;1;0;0,142857142857143;0,25
2010;"Group D";"Ghana";"Germany";0;1;"away_team";70,45;800;78,5652173913043;1082;0;1;0,5;0,633333333333333
2010;"Group C";"Slovenia";"England";0;1;"away_team";69,9090909090909;860;78,5652173913043;1068;0;1;0;0,454545454545455
2010;"Group C";"USA";"Algeria";1;0;"home_team";73,3478260869565;957;71,4736842105263;821;1;0;0,24;0,333333333333333
2010;"Group E";"Cameroon";"Netherlands";1;2;"away_team";74,2857142857143;887;79,2191304347826;1231;0;0,666666666666667;0,235294117647059;0,444444444444444
2010;"Group E";"Denmark";"Japan";1;3;"away_team";71,695652173913;767;72,6666666666667;682;0;1;0,538461538461538;0,2
2010;"Group F";"Paraguay";"New Zealand";0;0;"draw";73,1428571428571;820;60,9130434782609;410;0,666666666666667;0;0,272727272727273;0
2010;"Group F";"Slovakia";"Italy";3;2;"home_team";72,1;777;79,2173913043478;1184;0,5;0,5;0;0,571428571428571
2010;"Group H";"Chile";"Spain";1;2;"away_team";74,5;888;79,7308695652174;1565;0;1;0,28;0,448979591836735
2010;"Group G";"North Korea";"Ivory Coast";0;3;"away_team";NA;NA;76,6747826086957;NA;0;1;0,25;0,333333333333333
2010;"Group G";"Portugal";"Brazil";0;0;"draw";77,2852173913043;1249;70,4782608695652;1611;0,4;0,2;0,578947368421053;0,695652173913043
2010;"Group H";"Switzerland";"Honduras";0;0;"draw";74,5217391304348;866;71,1666666666667;734;0;0;0,307692307692308;0
2010;"Round of 16";"Uruguay";"South Korea";2;1;"home_team";75,7739130434783;899;56,7272727272727;632;1;0;0,375;0,166666666666667
2010;"Round of 16";"USA";"Ghana";1;2;"away_team";73,3478260869565;957;70,45;800;0;1;0,24;0,5
2010;"Round of 16";"Argentina";"Mexico";3;1;"home_team";81,3761904761905;1076;72,4782608695652;895;0,636363636363636;0,0909090909090909;0,507692307692308;0,244444444444444
2010;"Round of 16";"Germany";"England";4;1;"home_team";78,5652173913043;1082;78,5652173913043;1068;0,428571428571429;0,428571428571429;0,633333333333333;0,454545454545455
2010;"Round of 16";"Brazil";"Chile";3;0;"home_team";70,4782608695652;1611;74,5;888;0,857142857142857;0,0714285714285714;0,695652173913043;0,28
2010;"Round of 16";"Netherlands";"Slovakia";2;1;"home_team";79,2191304347826;1231;72,1;777;1;0;0,444444444444444;0
2010;"Round of 16";"Paraguay";"Japan";0;0;"draw";73,1428571428571;820;72,6666666666667;682;0,25;0,25;0,272727272727273;0,2
2010;"Round of 16";"Spain";"Portugal";1;0;"home_team";79,7308695652174;1565;77,2852173913043;1249;0,333333333333333;0,333333333333333;0,448979591836735;0,578947368421053
2010;"Quarterfinals";"Netherlands";"Brazil";2;1;"home_team";79,2191304347826;1231;70,4782608695652;1611;0,142857142857143;0,285714285714286;0,444444444444444;0,695652173913043
2010;"Quarterfinals";"Uruguay";"Ghana";1;1;"draw";75,7739130434783;899;70,45;800;0;0;0,375;0,5
2010;"Quarterfinals";"Argentina";"Germany";0;4;"away_team";81,3761904761905;1076;78,5652173913043;1082;0,333333333333333;0,166666666666667;0,507692307692308;0,633333333333333
2010;"Quarterfinals";"Paraguay";"Spain";0;1;"away_team";73,1428571428571;820;79,7308695652174;1565;0;0,5;0,272727272727273;0,448979591836735
2010;"Semifinals";"Uruguay";"Netherlands";2;3;"away_team";75,7739130434783;899;79,2191304347826;1231;0;1;0,375;0,444444444444444
2010;"Semifinals";"Germany";"Spain";0;1;"away_team";78,5652173913043;1082;79,7308695652174;1565;0,166666666666667;0,5;0,633333333333333;0,448979591836735
2010;"Third place";"Uruguay";"Germany";2;3;"away_team";75,7739130434783;899;78,5652173913043;1082;0;1;0,375;0,633333333333333
2010;"Final";"Netherlands";"Spain";0;1;"away_team";79,2191304347826;1231;79,7308695652174;1565;0,666666666666667;0,333333333333333;0,444444444444444;0,448979591836735
2014;"Group A";"Brazil";"Croatia";3;1;"home_team";76,2052173913043;1242;76,8333333333333;903;0,666666666666667;0;0,690721649484536;0,461538461538462
2014;"Group B";"Chile";"Australia";3;1;"home_team";72,6086956521739;1026;68,9565217391304;526;1;0;0,310344827586207;0,2
2014;"Group A";"Mexico";"Cameroon";1;0;"home_team";70,304347826087;882;73,5625;558;1;0;0,244897959183673;0,2
2014;"Group B";"Spain";"Netherlands";1;5;"away_team";80,5652173913043;1485;79,1869565217391;981;0,25;0,75;0,5;0,511627906976744
2014;"Group C";"Colombia";"Greece";3;0;"home_team";72,0234782608696;1137;74,2272727272727;1064;1;0;0,230769230769231;0,166666666666667
2014;"Group D";"England";"Italy";1;2;"away_team";78,304347826087;1090;78,3478260869565;1104;0,2;0,6;0,440677966101695;0,55
2014;"Group C";"Ivory Coast";"Japan";2;1;"home_team";72,7826086956522;NA;73,8461538461538;626;0,666666666666667;0,333333333333333;0,333333333333333;0,285714285714286
2014;"Group D";"Uruguay";"Costa Rica";1;3;"away_team";75,4347826086957;1147;69,5882352941177;762;0,428571428571429;0,142857142857143;0,382978723404255;0,3
2014;"Group F";"Argentina";"Bosnia and Herzegovina";2;1;"home_team";78,7708695652174;1175;73,5263157894737;873;1;0;0,528571428571429;0
2014;"Group E";"France";"Honduras";3;0;"home_team";78,5454545454545;913;67,2857142857143;731;1;0;0,462962962962963;0
2014;"Group E";"Switzerland";"Ecuador";2;1;"home_team";75,7391304347826;1149;70,0454545454545;791;1;0;0,310344827586207;0,428571428571429
2014;"Group G";"Germany";"Portugal";4;0;"home_team";82,2755731225297;1300;78,6939130434783;1189;0,8;0,2;0,648648648648649;0,521739130434783
2014;"Group G";"Ghana";"USA";1;2;"away_team";71,65;704;72,4782608695652;1035;0,666666666666667;0,333333333333333;0,444444444444444;0,241379310344828
2014;"Group F";"IR Iran";"Nigeria";0;0;"draw";68;641;71,3125;640;0;0,5;0,111111111111111;0,285714285714286
2014;"Group H";"Belgium";"Algeria";2;1;"home_team";79,0909090909091;1074;73,2777777777778;858;0,666666666666667;0;0,277777777777778;0,222222222222222
2014;"Group A";"Brazil";"Mexico";0;0;"draw";76,2052173913043;1242;70,304347826087;882;0,375;0,4375;0,690721649484536;0,244897959183673
2014;"Group H";"Russia";"South Korea";1;1;"draw";74,8421052631579;893;59,0434782608696;547;0,5;0;0,333333333333333;0,178571428571429
2014;"Group B";"Australia";"Netherlands";2;3;"away_team";68,9565217391304;526;79,1869565217391;981;0,25;0,25;0,2;0,511627906976744
2014;"Group A";"Cameroon";"Croatia";0;4;"away_team";73,5625;558;76,8333333333333;903;0;1;0,2;0,461538461538462
2014;"Group B";"Spain";"Chile";0;2;"away_team";80,5652173913043;1485;72,6086956521739;1026;0,6;0,2;0,5;0,310344827586207
2014;"Group C";"Colombia";"Ivory Coast";2;1;"home_team";72,0234782608696;1137;72,7826086956522;NA;1;0;0,230769230769231;0,333333333333333
2014;"Group C";"Japan";"Greece";0;0;"draw";73,8461538461538;626;74,2272727272727;1064;0,5;0;0,285714285714286;0,166666666666667
2014;"Group D";"Uruguay";"England";2;1;"home_team";75,4347826086957;1147;78,304347826087;1090;0,5;0,5;0,382978723404255;0,440677966101695
2014;"Group E";"Honduras";"Ecuador";1;2;"away_team";67,2857142857143;731;70,0454545454545;791;0,222222222222222;0,333333333333333;0;0,428571428571429
2014;"Group D";"Italy";"Costa Rica";0;1;"away_team";78,3478260869565;1104;69,5882352941177;762;0;1;0,55;0,3
2014;"Group E";"Switzerland";"France";2;5;"away_team";75,7391304347826;1149;78,5454545454545;913;0;0,5;0,310344827586207;0,462962962962963
2014;"Group F";"Argentina";"IR Iran";1;0;"home_team";78,7708695652174;1175;68;641;1;0;0,528571428571429;0,111111111111111
2014;"Group G";"Germany";"Ghana";2;2;"draw";82,2755731225297;1300;71,65;704;0,5;0;0,648648648648649;0,444444444444444
2014;"Group F";"Nigeria";"Bosnia and Herzegovina";1;0;"home_team";71,3125;640;73,5263157894737;873;1;0;0,285714285714286;0
2014;"Group H";"Belgium";"Russia";1;0;"home_team";79,0909090909091;1074;74,8421052631579;893;1;0;0,277777777777778;0,333333333333333
2014;"Group H";"South Korea";"Algeria";2;4;"away_team";59,0434782608696;547;73,2777777777778;858;0;1;0,178571428571429;0,222222222222222
2014;"Group G";"USA";"Portugal";2;2;"draw";72,4782608695652;1035;78,6939130434783;1189;0,5;0;0,241379310344828;0,521739130434783
2014;"Group B";"Australia";"Spain";0;3;"away_team";68,9565217391304;526;80,5652173913043;1485;0;1;0,2;0,5
2014;"Group A";"Brazil";"Cameroon";4;1;"home_team";76,2052173913043;1242;73,5625;558;0,666666666666667;0,333333333333333;0,690721649484536;0,2
2014;"Group A";"Croatia";"Mexico";1;3;"away_team";76,8333333333333;903;70,304347826087;882;0,333333333333333;0,666666666666667;0,461538461538462;0,244897959183673
2014;"Group B";"Netherlands";"Chile";2;0;"home_team";79,1869565217391;981;72,6086956521739;1026;1;0;0,511627906976744;0,310344827586207
2014;"Group D";"Costa Rica";"England";0;0;"draw";69,5882352941177;762;78,304347826087;1090;0;0;0,3;0,440677966101695
2014;"Group C";"Greece";"Ivory Coast";2;1;"home_team";74,2272727272727;1064;72,7826086956522;NA;1;0;0,166666666666667;0,333333333333333
2014;"Group D";"Italy";"Uruguay";0;1;"away_team";78,3478260869565;1104;75,4347826086957;1147;0;0,5;0,55;0,382978723404255
2014;"Group C";"Japan";"Colombia";1;4;"away_team";73,8461538461538;626;72,0234782608696;1137;0;0,666666666666667;0,285714285714286;0,230769230769231
2014;"Group F";"Bosnia and Herzegovina";"IR Iran";3;1;"home_team";73,5263157894737;873;68;641;0,166666666666667;0,666666666666667;0;0,111111111111111
2014;"Group E";"Ecuador";"France";0;0;"draw";70,0454545454545;791;78,5454545454545;913;0;0,5;0,428571428571429;0,462962962962963
2014;"Group E";"Honduras";"Switzerland";0;3;"away_team";67,2857142857143;731;75,7391304347826;1149;0;0,5;0;0,310344827586207
2014;"Group F";"Nigeria";"Argentina";2;3;"away_team";71,3125;640;78,7708695652174;1175;0,2;0,8;0,285714285714286;0,528571428571429
2014;"Group H";"Algeria";"Russia";1;1;"draw";73,2777777777778;858;74,8421052631579;893;0;0;0,222222222222222;0,333333333333333
2014;"Group H";"South Korea";"Belgium";0;1;"away_team";59,0434782608696;547;79,0909090909091;1074;0;0,666666666666667;0,178571428571429;0,277777777777778
2014;"Group G";"Portugal";"Ghana";2;1;"home_team";78,6939130434783;1189;71,65;704;1;0;0,521739130434783;0,444444444444444
2014;"Group G";"USA";"Germany";0;1;"away_team";72,4782608695652;1035;82,2755731225297;1300;0,375;0,625;0,241379310344828;0,648648648648649
2014;"Round of 16";"Brazil";"Chile";1;1;"draw";76,2052173913043;1242;72,6086956521739;1026;0,75;0,0625;0,690721649484536;0,310344827586207
2014;"Round of 16";"Colombia";"Uruguay";2;0;"home_team";72,0234782608696;1137;75,4347826086957;1147;0,384615384615385;0,461538461538462;0,230769230769231;0,382978723404255
2014;"Round of 16";"Costa Rica";"Greece";1;1;"draw";69,5882352941177;762;74,2272727272727;1064;0;0;0,3;0,166666666666667
2014;"Round of 16";"Netherlands";"Mexico";2;1;"home_team";79,1869565217391;981;70,304347826087;882;0,666666666666667;0,166666666666667;0,511627906976744;0,244897959183673
2014;"Round of 16";"France";"Nigeria";2;0;"home_team";78,5454545454545;913;71,3125;640;0,5;0,5;0,462962962962963;0,285714285714286
2014;"Round of 16";"Germany";"Algeria";2;1;"home_team";82,2755731225297;1300;73,2777777777778;858;1;0;0,648648648648649;0,222222222222222
2014;"Round of 16";"Argentina";"Switzerland";1;0;"home_team";78,7708695652174;1175;75,7391304347826;1149;0,666666666666667;0;0,528571428571429;0,310344827586207
2014;"Round of 16";"Belgium";"USA";2;1;"home_team";79,0909090909091;1074;72,4782608695652;1035;1;0;0,277777777777778;0,241379310344828
2014;"Quarterfinals";"Brazil";"Colombia";2;1;"home_team";76,2052173913043;1242;72,0234782608696;1137;0,444444444444444;0;0,690721649484536;0,230769230769231
2014;"Quarterfinals";"France";"Germany";0;1;"away_team";78,5454545454545;913;82,2755731225297;1300;0,5;0,333333333333333;0,462962962962963;0,648648648648649
2014;"Quarterfinals";"Argentina";"Belgium";1;0;"home_team";78,7708695652174;1175;79,0909090909091;1074;1;0;0,528571428571429;0,277777777777778
2014;"Quarterfinals";"Netherlands";"Costa Rica";0;0;"draw";79,1869565217391;981;69,5882352941177;762;0;0;0,511627906976744;0,3
2014;"Semifinals";"Brazil";"Germany";1;7;"away_team";76,2052173913043;1242;82,2755731225297;1300;0,571428571428571;0,285714285714286;0,690721649484536;0,648648648648649
2014;"Semifinals";"Netherlands";"Argentina";0;0;"draw";79,1869565217391;981;78,7708695652174;1175;0,4;0;0,511627906976744;0,528571428571429
2014;"Third place";"Brazil";"Netherlands";0;3;"away_team";76,2052173913043;1242;79,1869565217391;981;0,142857142857143;0,285714285714286;0,690721649484536;0,511627906976744
2014;"Final";"Germany";"Argentina";1;0;"home_team";82,2755731225297;1300;78,7708695652174;1175;0,222222222222222;0,444444444444444;0,648648648648649;0,528571428571429
2018;"Group A";"Russia";"Saudi Arabia";5;0;"home_team";76,75;457;67,625;465;1;0;0,222222222222222;0,153846153846154
2018;"Group A";"Egypt";"Uruguay";0;1;"away_team";72,0803933747412;649;78,3913043478261;1018;0;1;0;0,392156862745098
2018;"Group B";"Morocco";"IR Iran";0;1;"away_team";76;686;70,8095238095238;708;0;0,5;0,153846153846154;0,0833333333333333
2018;"Group B";"Portugal";"Spain";3;3;"draw";75,415652173913;1274;81,5217391304348;1126;0,285714285714286;0,285714285714286;0,5;0,491525423728814
2018;"Group C";"France";"Australia";2;1;"home_team";81,0539130434783;1198;72,0869565217391;718;1;0;0,474576271186441;0,153846153846154
2018;"Group D";"Argentina";"Iceland";1;1;"draw";80,8869565217391;1241;71,5;908;0;0;0,545454545454545;0
2018;"Group C";"Peru";"Denmark";0;1;"away_team";72,304347826087;1125;75,8695652173913;1051;0;1;0,266666666666667;0,5
2018;"Group D";"Croatia";"Nigeria";2;0;"home_team";80,7204347826087;945;72,8636363636364;618;1;0;0,4375;0,277777777777778
2018;"Group E";"Costa Rica";"Serbia";0;1;"away_team";70,4782608695652;884;76,8260869565217;751;0;1;0,333333333333333;0,285714285714286
2018;"Group F";"Germany";"Mexico";0;1;"away_team";80,8260869565217;1558;74,1304347826087;989;0,666666666666667;0,333333333333333;0,681818181818182;0,264150943396226
2018;"Group E";"Brazil";"Switzerland";1;1;"draw";81,7272727272727;1431;77,6521739130435;1199;0,333333333333333;0,333333333333333;0,673076923076923;0,333333333333333
2018;"Group F";"Sweden";"South Korea";1;0;"home_team";74,0869565217391;880;61,695652173913;544;0,333333333333333;0;0,347826086956522;0,161290322580645
2018;"Group G";"Belgium";"Panama";3;0;"home_team";82,6760869565217;1298;67,65;571;1;0;0,341463414634146;0
2018;"Group G";"Tunisia";"England";1;2;"away_team";71,9545454545455;910;76,464347826087;1051;0;1;0,0833333333333333;0,419354838709677
2018;"Group H";"Colombia";"Japan";1;2;"away_team";75,3913043478261;986;73,5217391304348;521;0,5;0,25;0,388888888888889;0,235294117647059
2018;"Group H";"Poland";"Senegal";1;2;"away_team";75,9565217391304;1183;71,9130434782609;838;0;1;0,483870967741935;0,4
2018;"Group A";"Russia";"Egypt";3;1;"home_team";76,75;457;72,0803933747412;649;1;0;0,222222222222222;0
2018;"Group B";"Portugal";"Morocco";1;0;"home_team";75,415652173913;1274;76;686;1;0;0,5;0,153846153846154
2018;"Group A";"Uruguay";"Saudi Arabia";1;0;"home_team";78,3913043478261;1018;67,625;465;0,333333333333333;0,333333333333333;0,392156862745098;0,153846153846154
2018;"Group B";"IR Iran";"Spain";0;1;"away_team";70,8095238095238;708;81,5217391304348;1126;0;1;0,0833333333333333;0,491525423728814
2018;"Group C";"Denmark";"Australia";1;1;"draw";75,8695652173913;1051;72,0869565217391;718;0,5;0,25;0,5;0,153846153846154
2018;"Group C";"France";"Peru";1;0;"home_team";81,0539130434783;1198;72,304347826087;1125;1;0;0,474576271186441;0,266666666666667
2018;"Group D";"Argentina";"Croatia";0;3;"away_team";80,8869565217391;1241;80,7204347826087;945;0,333333333333333;0,666666666666667;0,545454545454545;0,4375
2018;"Group E";"Brazil";"Costa Rica";2;0;"home_team";81,7272727272727;1431;70,4782608695652;884;1;0;0,673076923076923;0,333333333333333
2018;"Group D";"Nigeria";"Iceland";2;0;"home_team";72,8636363636364;618;71,5;908;1;0;0,277777777777778;0
2018;"Group E";"Serbia";"Switzerland";1;2;"away_team";76,8260869565217;751;77,6521739130435;1199;0;1;0,285714285714286;0,333333333333333
2018;"Group G";"Belgium";"Tunisia";5;2;"home_team";82,6760869565217;1298;71,9545454545455;910;0,666666666666667;0;0,341463414634146;0,0833333333333333
2018;"Group F";"South Korea";"Mexico";1;2;"away_team";61,695652173913;544;74,1304347826087;989;0,25;0,5;0,161290322580645;0,264150943396226
2018;"Group F";"Germany";"Sweden";2;1;"home_team";80,8260869565217;1558;74,0869565217391;880;0,666666666666667;0;0,681818181818182;0,347826086956522
2018;"Group G";"England";"Panama";6;1;"home_team";76,464347826087;1051;67,65;571;1;0;0,419354838709677;0
2018;"Group H";"Japan";"Senegal";2;2;"draw";73,5217391304348;521;71,9130434782609;838;0;0,5;0,235294117647059;0,4
2018;"Group H";"Poland";"Colombia";0;3;"away_team";75,9565217391304;1183;75,3913043478261;986;0;1;0,483870967741935;0,388888888888889
2018;"Group A";"Russia";"Uruguay";0;3;"away_team";76,75;457;78,3913043478261;1018;0;0,5;0,222222222222222;0,392156862745098
2018;"Group A";"Saudi Arabia";"Egypt";2;1;"home_team";67,625;465;72,0803933747412;649;0,5;0,5;0,153846153846154;0
2018;"Group B";"Spain";"Morocco";2;2;"draw";81,5217391304348;1126;76;686;0;0;0,491525423728814;0,153846153846154
2018;"Group B";"IR Iran";"Portugal";1;1;"draw";70,8095238095238;708;75,415652173913;1274;0;0,5;0,0833333333333333;0,5
2018;"Group C";"Australia";"Peru";0;2;"away_team";72,0869565217391;718;72,304347826087;1125;0;1;0,153846153846154;0,266666666666667
2018;"Group C";"Denmark";"France";0;0;"draw";75,8695652173913;1051;81,0539130434783;1198;0,2;0,6;0,5;0,474576271186441
2018;"Group D";"Nigeria";"Argentina";1;2;"away_team";72,8636363636364;618;80,8869565217391;1241;0,285714285714286;0,714285714285714;0,277777777777778;0,545454545454545
2018;"Group D ";"Iceland";"Croatia";1;2;"away_team";71,5;908;80,7204347826087;945;0,142857142857143;0,714285714285714;0;0,4375
2018;"Group F";"South Korea";"Germany";2;0;"home_team";61,695652173913;544;80,8260869565217;1558;0,666666666666667;0,333333333333333;0,161290322580645;0,681818181818182
2018;"Group F";"Mexico";"Sweden";0;3;"away_team";74,1304347826087;989;74,0869565217391;880;0;0,666666666666667;0,264150943396226;0,347826086956522
2018;"Group E";"Serbia";"Brazil";0;2;"away_team";76,8260869565217;751;81,7272727272727;1431;0;1;0,285714285714286;0,673076923076923
2018;"Group E";"Switzerland";"Costa Rica";2;2;"draw";77,6521739130435;1199;70,4782608695652;884;0,333333333333333;0,333333333333333;0,333333333333333;0,333333333333333
2018;"Group H";"Japan";"Poland";0;1;"away_team";73,5217391304348;521;75,9565217391304;1183;0,5;0,5;0,235294117647059;0,483870967741935
2018;"Group H";"Senegal";"Colombia";0;1;"away_team";71,9130434782609;838;75,3913043478261;986;0;0,666666666666667;0,4;0,388888888888889
2018;"Group G";"Panama";"Tunisia";1;2;"away_team";67,65;571;71,9545454545455;910;0;1;0;0,0833333333333333
2018;"Group G";"England";"Belgium";0;1;"away_team";76,464347826087;1051;82,6760869565217;1298;0,333333333333333;0,666666666666667;0,419354838709677;0,341463414634146
2018;"Round of 16";"France";"Argentina";4;3;"home_team";81,0539130434783;1198;80,8869565217391;1241;0,333333333333333;0,666666666666667;0,474576271186441;0,545454545454545
2018;"Round of 16";"Uruguay";"Portugal";2;1;"home_team";78,3913043478261;1018;75,415652173913;1274;1;0;0,392156862745098;0,5
2018;"Round of 16";"Russia";"Spain";1;1;"draw";76,75;457;81,5217391304348;1126;0;0,5;0,222222222222222;0,491525423728814
2018;"Round of 16";"Croatia";"Denmark";1;1;"draw";80,7204347826087;945;75,8695652173913;1051;0,5;0;0,4375;0,5
2018;"Round of 16";"Brazil";"Mexico";2;0;"home_team";81,7272727272727;1431;74,1304347826087;989;0,461538461538462;0,384615384615385;0,673076923076923;0,264150943396226
2018;"Round of 16";"Belgium";"Japan";3;2;"home_team";82,6760869565217;1298;73,5217391304348;521;0,4;0,4;0,341463414634146;0,235294117647059
2018;"Round of 16";"Sweden";"Switzerland";1;0;"home_team";74,0869565217391;880;77,6521739130435;1199;0,5;0;0,347826086956522;0,333333333333333
2018;"Round of 16";"Colombia";"England";1;1;"draw";75,3913043478261;986;76,464347826087;1051;0;0,5;0,388888888888889;0,419354838709677
2018;"Quarterfinals";"Uruguay";"France";0;2;"away_team";78,3913043478261;1018;81,0539130434783;1198;0,142857142857143;0,285714285714286;0,392156862745098;0,474576271186441
2018;"Quarterfinals";"Brazil";"Belgium";1;2;"away_team";81,7272727272727;1431;82,6760869565217;1298;0,5;0,5;0,673076923076923;0,341463414634146
2018;"Quarterfinals";"Sweden";"England";0;2;"away_team";74,0869565217391;880;76,464347826087;1051;0,285714285714286;0,428571428571429;0,347826086956522;0,419354838709677
2018;"Quarterfinals";"Russia";"Croatia";2;2;"draw";76,75;457;80,7204347826087;945;0;0,25;0,222222222222222;0,4375
2018;"Semifinals";"France";"Belgium";1;0;"home_team";81,0539130434783;1198;82,6760869565217;1298;0,333333333333333;0,333333333333333;0,474576271186441;0,341463414634146
2018;"Semifinals";"Croatia";"England";2;1;"home_team";80,7204347826087;945;76,464347826087;1051;0,333333333333333;0,555555555555556;0,4375;0,419354838709677
2018;"Third place";"Belgium";"England";2;0;"home_team";82,6760869565217;1298;76,464347826087;1051;0,666666666666667;0,333333333333333;0,341463414634146;0,419354838709677
2018;"Final";"France";"Croatia";4;2;"home_team";81,0539130434783;1198;80,7204347826087;945;0,333333333333333;0;0,474576271186441;0,4375
